,n_clusters,noise_ratio,silhouette,davies_bouldin,calinski_harabasz,purity,ari,nmi,best_params
KMeans,100,0.0,0.2116556167602539,2.040834012358735,251.7725759528199,0.75267505350107,0.21667718255371246,0.7020231754498181,{'n_clusters': 100}
BisectingKMeans,100,0.0,0.17561694979667664,2.543627348518371,220.23809773135696,0.7194543890877818,0.24067798768257823,0.670992243982622,{'n_clusters': 100}
HDBSCAN,242,0.3052261045220904,0.08267368376255035,1.4353306263167702,66.14322810027214,0.6696133922678453,0.009293229635527554,0.562453863015842,"{'min_cluster_size': 30, 'min_samples': 5}"
OPTICS,111,0.7688153763075262,-0.18388837575912476,1.1908029369634352,30.928793564691397,0.39236784735694713,-0.020635631464400925,0.2586947959329029,"{'min_samples': 30, 'max_eps': 0.5}"
BIRCH,780,0.0,0.12815842032432556,1.7331854218649672,50.406730695438796,0.8216964339286785,0.4582900970909655,0.7392146871436084,"{'threshold': 0.5, 'n_clusters': None}"
Supervised Baseline,363,0.0,0.0,,,0.8835,0.9301133858862455,0.8846272580606724,LogisticRegression(Default)
