,n_clusters,noise_ratio,silhouette,davies_bouldin,calinski_harabasz,purity,ari,nmi,best_params
MiniBatchKMeans,150,0.0,0.21652474999427795,2.0381896252879583,197.66570586935836,0.7887580680059931,0.18627410315298068,0.6916121320842364,"{'n_clusters': 150, 'batch_size': 2048}"
BisectingKMeans,100,0.0,0.17738716304302216,2.6213483563286104,217.2676177707371,0.7328178518793708,0.24903378572299356,0.6674416810621545,{'n_clusters': 100}
BIRCH,1412,0.0,0.15318134427070618,1.5685972235822283,41.905245952924346,0.8507423994382504,0.3269808263156269,0.7192185157766425,"{'threshold': 0.5, 'n_clusters': None}"
Supervised Baseline,370,0.0,0.0,,,0.9387426005307206,0.9624249758135849,0.9185823398603566,LogisticRegression(Default)
